<?xml version="1.0" encoding="UTF-8"?>
<MessageBody xmlns:xsi="http://www.w3.org/2001/XMLSchema-instance"
 xsi:schemaLocation="http://www.sisostds.org/schemas/C2SIM/1.1 ../Schema/C2SIM/C2SIM_SMX_LOX_v1.0.2.xsd"
 xmlns="http://www.sisostds.org/schemas/C2SIM/1.1">
  <C2SIMInitializationBody>
    <ObjectDefinitions>
    <!-- UUID formation (NOTE: ForceSide UUID is zeros except for side)
      this UUUID format is artificial - done for ease of human decoding
      first 8: always 00000000
      next 4: side 0001 friendly, 0002 hostile, 0003 neutral (for ForceSide remainder of UUID is 0)
      next 4:nation friendly 0001, 0002, 0003, 0004 hostile 0007
      next 4: unit x000 BDE HQ, xx00 Bn HQ, xxx0 Coy, xxxx Plt or misc
      next 4: Order or Task number from the issuing unit (otherwise zeros)
      next 4: Event index associated with the identified unit (otherwise zeros)
      last 4: Control Feature or Tactical Graphic index associated with the identified unit
      NOTE: VRForces limits callback names to 10 chars; this constrint is followed below for units
    -->
      <AbstractObject>
        <ForceSide>
          <Name>NATOCoalition</Name>
          <UUID>00000000-0001-0000-0000-000000000000</UUID>
          <ForceSideRelation>
            <HostilityStatusCode>HO</HostilityStatusCode>
            <OtherSide>00000000-0002-0000-0000-000000000000</OtherSide>
          </ForceSideRelation>
          <ForceSideRelation>
            <HostilityStatusCode>NEUTRL</HostilityStatusCode>
            <OtherSide>00000000-0003-0000-0000-000000000000</OtherSide>
          </ForceSideRelation>
        </ForceSide>
      </AbstractObject>
      <AbstractObject>
        <ForceSide>
          <Name>WASA</Name>
          <UUID>00000000-0002-0000-0000-000000000000</UUID>
          <ForceSideRelation>
            <HostilityStatusCode>HO</HostilityStatusCode>
            <OtherSide>00000000-0001-0000-0000-000000000000</OtherSide>
          </ForceSideRelation>
          <ForceSideRelation>
            <HostilityStatusCode>NEUTRL</HostilityStatusCode>
            <OtherSide>00000000-0003-0000-0000-000000000000</OtherSide>
          </ForceSideRelation>
        </ForceSide>
      </AbstractObject>
      <AbstractObject>
        <ForceSide>
          <Name>Neutral</Name>
          <UUID>00000000-0003-0000-0000-000000000000</UUID>
          <ForceSideRelation>
            <HostilityStatusCode>NEUTRL</HostilityStatusCode>
            <OtherSide>00000000-0001-0000-0000-000000000000</OtherSide>
          </ForceSideRelation>
          <ForceSideRelation>
            <HostilityStatusCode>NEUTRL</HostilityStatusCode>
            <OtherSide>00000000-0002-0000-0000-000000000000</OtherSide>
          </ForceSideRelation>
        </ForceSide>
      </AbstractObject>

      <!--Hostile Forces-->

      <!--parent unit of red force (not used; but a parent is needed for C2LG GUI)-->
      <Entity>
        <ActorEntity>
          <Platform>
            <Vehicle>
              <EntityDescriptor>
                <Side>00000000-0002-0000-0000-000000000000</Side>
                <Superior>00000000-0002-0007-3000-000000000000</Superior>
              </EntityDescriptor>
              <EntityType>
                <APP6-SIDC>
                  <SIDCString>SHGPUCAW----RS-</SIDCString>
                </APP6-SIDC>
              </EntityType>
              <EntityType>
                <DISEntityType>
                  <DISCategory>2</DISCategory>
                  <DISCountry>222</DISCountry>
                  <DISDomain>1</DISDomain>
                  <DISExtra>0</DISExtra>
                  <DISKind>1</DISKind>
                  <DISSpecific>0</DISSpecific>
                  <DISSubCategory>13</DISSubCategory>
                </DISEntityType>
              </EntityType>
              <Name>REDPARENT</Name>
              <UUID>00000000-0002-0007-1000-000000000000</UUID>
              <CurrentState>
                <PhysicalState>
                  <EntityHealthStatus>
                    <OperationalStatus>
                      <OperationalStatusCode>FullyOperational</OperationalStatusCode>
                    </OperationalStatus>
                  </EntityHealthStatus>
                  <Location>
                    <GeodeticCoordinate>
                      <Latitude>58.634</Latitude>
                      <Longitude>15.959</Longitude>
                    </GeodeticCoordinate>
                  </Location>
                </PhysicalState>
              </CurrentState>
            </Vehicle>
          </Platform>
        </ActorEntity>
      </Entity>
      
      <!--RED OPFOR-V01-->
      <Entity>
        <ActorEntity>
          <CollectiveEntity>
            <MilitaryOrganization><Unit>
              <EntityDescriptor>
                <Side>00000000-0002-0000-0000-000000000000</Side>
                <Superior>00000000-0002-0007-2000-000000000000</Superior>
              </EntityDescriptor>
              <CurrentState>
                <PhysicalState>
                  <EntityHealthStatus>
                    <OperationalStatus>
                      <OperationalStatusCode>FullyOperational</OperationalStatusCode>
                    </OperationalStatus>
                  </EntityHealthStatus>
                  <Location>
                    <GeodeticCoordinate>
                      <Latitude>58.56</Latitude>
                      <Longitude>16.12</Longitude>
                    </GeodeticCoordinate>
                  </Location>
                </PhysicalState>
              </CurrentState>
              <EntityType>
                <APP6-SIDC>
                  <SIDCString>SHGPUCI-----RS-</SIDCString>
                </APP6-SIDC>
              </EntityType>
              <EntityType>
                <DISEntityType>
                  <DISCategory>13</DISCategory>
                  <DISCountry>222</DISCountry>
                  <DISDomain>1</DISDomain>
                  <DISExtra>1</DISExtra>
                  <DISKind>0</DISKind>
                  <DISSpecific>0</DISSpecific>
                  <DISSubCategory>34</DISSubCategory>
                </DISEntityType>
              </EntityType>
              <Name>OPFOR-V01</Name>
              <UUID>00000000-0002-0007-1001-000000000000</UUID>
              <EchelonCode>NOS</EchelonCode>
            </Unit></MilitaryOrganization>
          </CollectiveEntity>
        </ActorEntity>
      </Entity>

      <!--RED OPFOR-V02-->
      <Entity>
        <ActorEntity>
          <CollectiveEntity>
            <MilitaryOrganization><Unit>
              <EntityDescriptor>
                <Side>00000000-0002-0000-0000-000000000000</Side>
                <Superior>00000000-0002-0007-2000-000000000000</Superior>
              </EntityDescriptor>
              <CurrentState>
                <PhysicalState>
                  <EntityHealthStatus>
                    <OperationalStatus>
                      <OperationalStatusCode>FullyOperational</OperationalStatusCode>
                    </OperationalStatus>
                  </EntityHealthStatus>
                  <Location>
                    <GeodeticCoordinate>
                      <Latitude>58.56</Latitude>
                      <Longitude>16.14</Longitude>
                    </GeodeticCoordinate>
                  </Location>
                </PhysicalState>
              </CurrentState>
              <EntityType>
                <APP6-SIDC>
                  <SIDCString>SHGPUCI-----RS-</SIDCString>
                </APP6-SIDC>
              </EntityType>
              <EntityType>
                <DISEntityType>
                  <DISCategory>13</DISCategory>
                  <DISCountry>222</DISCountry>
                  <DISDomain>1</DISDomain>
                  <DISExtra>1</DISExtra>
                  <DISKind>0</DISKind>
                  <DISSpecific>0</DISSpecific>
                  <DISSubCategory>34</DISSubCategory>
                </DISEntityType>
              </EntityType>
              <Name>OPFOR-V02</Name>
              <UUID>00000000-0002-0007-1002-000000000000</UUID>
              <EchelonCode>NOS</EchelonCode>
            </Unit></MilitaryOrganization>
          </CollectiveEntity>
        </ActorEntity>
      </Entity>      

      <!--RED OPFOR-V03-->
      <Entity>
        <ActorEntity>
          <CollectiveEntity>
            <MilitaryOrganization><Unit>
              <EntityDescriptor>
                <Side>00000000-0002-0000-0000-000000000000</Side>
                <Superior>00000000-0002-0007-2000-000000000000</Superior>
              </EntityDescriptor>
              <CurrentState>
                <PhysicalState>
                  <EntityHealthStatus>
                    <OperationalStatus>
                      <OperationalStatusCode>FullyOperational</OperationalStatusCode>
                    </OperationalStatus>
                  </EntityHealthStatus>
                  <Location>
                    <GeodeticCoordinate>
                      <Latitude>58.56</Latitude>
                      <Longitude>16.16</Longitude>
                    </GeodeticCoordinate>
                  </Location>
                </PhysicalState>
              </CurrentState>
              <EntityType>
                <APP6-SIDC>
                  <SIDCString>SHGPUCI-----RS-</SIDCString>
                </APP6-SIDC>
              </EntityType>
              <EntityType>
                <DISEntityType>
                  <DISCategory>13</DISCategory>
                  <DISCountry>222</DISCountry>
                  <DISDomain>1</DISDomain>
                  <DISExtra>1</DISExtra>
                  <DISKind>0</DISKind>
                  <DISSpecific>0</DISSpecific>
                  <DISSubCategory>34</DISSubCategory>
                </DISEntityType>
              </EntityType>
              <Name>OPFOR-V03</Name>
              <UUID>00000000-0002-0007-1003-000000000000</UUID>
              <EchelonCode>NOS</EchelonCode>
            </Unit></MilitaryOrganization>
          </CollectiveEntity>
        </ActorEntity>
      </Entity>

      <!--RED OPFOR-V04-->
      <Entity>
        <ActorEntity>
          <CollectiveEntity>
            <MilitaryOrganization><Unit>
              <EntityDescriptor>
                <Side>00000000-0002-0000-0000-000000000000</Side>
                <Superior>00000000-0002-0007-2000-000000000000</Superior>
              </EntityDescriptor>
              <CurrentState>
                <PhysicalState>
                  <EntityHealthStatus>
                    <OperationalStatus>
                      <OperationalStatusCode>FullyOperational</OperationalStatusCode>
                    </OperationalStatus>
                  </EntityHealthStatus>
                  <Location>
                    <GeodeticCoordinate>
                      <Latitude>58.56</Latitude>
                      <Longitude>16.18</Longitude>
                    </GeodeticCoordinate>
                  </Location>
                </PhysicalState>
              </CurrentState>
              <EntityType>
                <APP6-SIDC>
                  <SIDCString>SHGPUCI-----RS-</SIDCString>
                </APP6-SIDC>
              </EntityType>
              <EntityType>
                <DISEntityType>
                  <DISCategory>13</DISCategory>
                  <DISCountry>222</DISCountry>
                  <DISDomain>1</DISDomain>
                  <DISExtra>1</DISExtra>
                  <DISKind>0</DISKind>
                  <DISSpecific>0</DISSpecific>
                  <DISSubCategory>34</DISSubCategory>
                </DISEntityType>
              </EntityType>
              <Name>OPFOR-V04</Name>
              <UUID>00000000-0002-0007-1004-000000000000</UUID>
              <EchelonCode>NOS</EchelonCode>
            </Unit></MilitaryOrganization>
          </CollectiveEntity>
        </ActorEntity>
      </Entity>
      
      <!--RED OPFOR-V05-->
      <Entity>
        <ActorEntity>
          <CollectiveEntity>
            <MilitaryOrganization><Unit>
              <EntityDescriptor>
                <Side>00000000-0002-0000-0000-000000000000</Side>
                <Superior>00000000-0002-0007-2000-000000000000</Superior>
              </EntityDescriptor>
              <CurrentState>
                <PhysicalState>
                  <EntityHealthStatus>
                    <OperationalStatus>
                      <OperationalStatusCode>FullyOperational</OperationalStatusCode>
                    </OperationalStatus>
                  </EntityHealthStatus>
                  <Location>
                    <GeodeticCoordinate>
                      <Latitude>58.56</Latitude>
                      <Longitude>16.20</Longitude>
                    </GeodeticCoordinate>
                  </Location>
                </PhysicalState>
              </CurrentState>
              <EntityType>
                <APP6-SIDC>
                  <SIDCString>SHGPUCI-----RS-</SIDCString>
                </APP6-SIDC>
              </EntityType>
              <EntityType>
                <DISEntityType>
                  <DISCategory>13</DISCategory>
                  <DISCountry>222</DISCountry>
                  <DISDomain>1</DISDomain>
                  <DISExtra>1</DISExtra>
                  <DISKind>0</DISKind>
                  <DISSpecific>0</DISSpecific>
                  <DISSubCategory>34</DISSubCategory>
                </DISEntityType>
              </EntityType>
              <Name>OPFOR-V05</Name>
              <UUID>00000000-0002-0007-1005-000000000000</UUID>
              <EchelonCode>NOS</EchelonCode>
            </Unit></MilitaryOrganization>
          </CollectiveEntity>
        </ActorEntity>
      </Entity>

      <!--RED OPFOR-V06-->
      <Entity>
        <ActorEntity>
          <CollectiveEntity>
            <MilitaryOrganization><Unit>
              <EntityDescriptor>
                <Side>00000000-0002-0000-0000-000000000000</Side>
                <Superior>00000000-0002-0007-2000-000000000000</Superior>
              </EntityDescriptor>
              <CurrentState>
                <PhysicalState>
                  <EntityHealthStatus>
                    <OperationalStatus>
                      <OperationalStatusCode>FullyOperational</OperationalStatusCode>
                    </OperationalStatus>
                  </EntityHealthStatus>
                  <Location>
                    <GeodeticCoordinate>
                      <Latitude>58.56</Latitude>
                      <Longitude>16.22</Longitude>
                    </GeodeticCoordinate>
                  </Location>
                </PhysicalState>
              </CurrentState>
              <EntityType>
                <APP6-SIDC>
                  <SIDCString>SHGPUCI-----RS-</SIDCString>
                </APP6-SIDC>
              </EntityType>
              <EntityType>
                <DISEntityType>
                  <DISCategory>13</DISCategory>
                  <DISCountry>222</DISCountry>
                  <DISDomain>1</DISDomain>
                  <DISExtra>1</DISExtra>
                  <DISKind>0</DISKind>
                  <DISSpecific>0</DISSpecific>
                  <DISSubCategory>34</DISSubCategory>
                </DISEntityType>
              </EntityType>
              <Name>OPFOR-V06</Name>
              <UUID>00000000-0002-0007-1006-000000000000</UUID>
              <EchelonCode>NOS</EchelonCode>
            </Unit></MilitaryOrganization>
          </CollectiveEntity>
        </ActorEntity>
      </Entity>
      
      <!-- Friendly Forces-->
      
      <!--BDE HQ-->
      <Entity>  
        <ActorEntity>
          <CollectiveEntity>
            <MilitaryOrganization><Unit>
              <EntityDescriptor>
                <Side>00000000-0001-0000-0000-000000000000</Side>
                <Superior>00000000-0001-0001-0000-000000000000</Superior>
              </EntityDescriptor>
              <CurrentState>
                <PhysicalState>
                  <EntityHealthStatus>
                    <OperationalStatus>
                      <OperationalStatusCode>FullyOperational</OperationalStatusCode>
                    </OperationalStatus>
                  </EntityHealthStatus>
                  <Location>
                    <GeodeticCoordinate>
                      <Latitude>58.58</Latitude>
                      <Longitude>16.08</Longitude>
                    </GeodeticCoordinate>
                  </Location>
                </PhysicalState>
              </CurrentState>
              <EntityType>
                <APP6-SIDC>
                  <SIDCString>SFGPUCI-----GM-</SIDCString>
                </APP6-SIDC>
              </EntityType>
              <EntityType>
                <DISEntityType> <!-- M557 Tank -->
                  <DISCategory>3</DISCategory>
                  <DISCountry>78</DISCountry>
                  <DISDomain>1</DISDomain>
                  <DISExtra>0</DISExtra>
                  <DISKind>1</DISKind>
                  <DISSpecific>0</DISSpecific>
                  <DISSubCategory>11</DISSubCategory>
                </DISEntityType>
              </EntityType>
              <Name>BDEHQ</Name>
              <UUID>00000000-0001-0001-1000-000000000000</UUID>
              <EchelonCode>BDE</EchelonCode>
            </Unit>
            </MilitaryOrganization>
          </CollectiveEntity>
        </ActorEntity>
      </Entity>
      
      <!--Bn HQ-->
      <Entity>
        <ActorEntity>
          <CollectiveEntity>
            <MilitaryOrganization><Unit>
              <EntityDescriptor>
                <Side>00000000-0001-0000-0000-000000000000</Side>
                <Superior>00000000-0001-0001-1000-000000000000</Superior>
              </EntityDescriptor>
              <CurrentState>
                <PhysicalState>
                  <EntityHealthStatus>
                    <OperationalStatus>
                      <OperationalStatusCode>FullyOperational</OperationalStatusCode>
                    </OperationalStatus>
                  </EntityHealthStatus>
                  <Location>
                    <GeodeticCoordinate>
                      <Latitude>58.58</Latitude>
                      <Longitude>16.19</Longitude>
                    </GeodeticCoordinate>
                  </Location>
                </PhysicalState>
              </CurrentState>
              <EntityType>
                <APP6-SIDC>
                  <SIDCString>SFGPUCI---AFUS-</SIDCString>
                </APP6-SIDC>
              </EntityType>
              <EntityType>
                <DISEntityType>
                  <DISCategory>5</DISCategory>
                  <DISCountry>225</DISCountry>
                  <DISDomain>1</DISDomain>
                  <DISExtra>0</DISExtra>
                  <DISKind>0</DISKind>
                  <DISSpecific>0</DISSpecific>
                  <DISSubCategory>20</DISSubCategory>
                </DISEntityType>
              </EntityType>
              <Name>BNHQ</Name>
              <UUID>00000000-0001-0001-1100-000000000000</UUID>
              <EchelonCode>BN</EchelonCode>
            </Unit></MilitaryOrganization>
          </CollectiveEntity>
        </ActorEntity>
      </Entity>
      
      <!--COY-V01-->
      <Entity>
        <ActorEntity>
          <CollectiveEntity>
            <MilitaryOrganization><Unit>
              <EntityDescriptor>
                <Side>00000000-0001-0000-0000-000000000000</Side>
                <Superior>00000000-0001-0001-1100-000000000000</Superior>
              </EntityDescriptor>
              <CurrentState>
                <PhysicalState>
                  <EntityHealthStatus>
                    <OperationalStatus>
                      <OperationalStatusCode>FullyOperational</OperationalStatusCode>
                    </OperationalStatus>
                  </EntityHealthStatus>
                  <Location>
                    <GeodeticCoordinate>
                      <Latitude>58.58</Latitude>
                      <Longitude>16.12</Longitude>
                    </GeodeticCoordinate>
                  </Location>
                </PhysicalState>
              </CurrentState>
              <EntityType>
                <APP6-SIDC>
                  <SIDCString>SFGPUCI----EUS-</SIDCString>
                </APP6-SIDC>
              </EntityType>
              <EntityType>
                <DISEntityType>
                  <DISCategory>5</DISCategory>
                  <DISCountry>225</DISCountry>
                  <DISDomain>1</DISDomain>
                  <DISExtra>0</DISExtra>
                  <DISKind>0</DISKind>
                  <DISSpecific>0</DISSpecific>
                  <DISSubCategory>2</DISSubCategory>
                </DISEntityType>
              </EntityType>
              <Name>COY-V01</Name>
              <UUID>00000000-0001-0001-1110-000000000000</UUID>
              <EchelonCode>COY</EchelonCode>
            </Unit></MilitaryOrganization>
          </CollectiveEntity>
        </ActorEntity>
      </Entity>

      <!--COY-V02-->
      <Entity>
        <ActorEntity>
          <CollectiveEntity>
            <MilitaryOrganization><Unit>
              <EntityDescriptor>
                <Side>00000000-0001-0000-0000-000000000000</Side>
                <Superior>00000000-0001-0001-1100-000000000000</Superior>
              </EntityDescriptor>
              <CurrentState>
                <PhysicalState>
                  <EntityHealthStatus>
                    <OperationalStatus>
                      <OperationalStatusCode>FullyOperational</OperationalStatusCode>
                    </OperationalStatus>
                  </EntityHealthStatus>
                  <Location>
                    <GeodeticCoordinate>
                      <Latitude>58.58</Latitude>
                      <Longitude>16.14</Longitude>
                    </GeodeticCoordinate>
                  </Location>
                </PhysicalState>
              </CurrentState>
              <EntityType>
                <APP6-SIDC>
                  <SIDCString>SFGPUCI----EUS-</SIDCString>
                </APP6-SIDC>
              </EntityType>
              <EntityType>
                <DISEntityType>
                  <DISCategory>5</DISCategory>
                  <DISCountry>225</DISCountry>
                  <DISDomain>1</DISDomain>
                  <DISExtra>0</DISExtra>
                  <DISKind>0</DISKind>
                  <DISSpecific>0</DISSpecific>
                  <DISSubCategory>2</DISSubCategory>
                </DISEntityType>
              </EntityType>
              <Name>COY-V02</Name>
              <UUID>00000000-0001-0001-1120-000000000000</UUID>
              <EchelonCode>COY</EchelonCode>
            </Unit></MilitaryOrganization>
          </CollectiveEntity>
        </ActorEntity>
      </Entity>

      <!--COY-V03-->
      <Entity>
        <ActorEntity>
          <CollectiveEntity>
            <MilitaryOrganization><Unit>
              <EntityDescriptor>
                <Side>00000000-0001-0000-0000-000000000000</Side>
                <Superior>00000000-0001-0001-1100-000000000000</Superior>
              </EntityDescriptor>
              <CurrentState>
                <PhysicalState>
                  <EntityHealthStatus>
                    <OperationalStatus>
                      <OperationalStatusCode>FullyOperational</OperationalStatusCode>
                    </OperationalStatus>
                  </EntityHealthStatus>
                  <Location>
                    <GeodeticCoordinate>
                      <Latitude>58.58</Latitude>
                      <Longitude>16.16</Longitude>
                    </GeodeticCoordinate>
                  </Location>
                </PhysicalState>
              </CurrentState>
              <EntityType>
                <APP6-SIDC>
                  <SIDCString>SFGPUCI----EUS-</SIDCString>
                </APP6-SIDC>
              </EntityType>
              <EntityType>
                <DISEntityType>
                  <DISCategory>5</DISCategory>
                  <DISCountry>225</DISCountry>
                  <DISDomain>1</DISDomain>
                  <DISExtra>0</DISExtra>
                  <DISKind>0</DISKind>
                  <DISSpecific>0</DISSpecific>
                  <DISSubCategory>2</DISSubCategory>
                </DISEntityType>
              </EntityType>
              <Name>COY-V03</Name>
              <UUID>00000000-0001-0001-1130-000000000000</UUID>
              <EchelonCode>COY</EchelonCode>
            </Unit></MilitaryOrganization>
          </CollectiveEntity>
        </ActorEntity>
      </Entity>

      <!--COY-V04-->
      <Entity>
        <ActorEntity>
          <CollectiveEntity>
            <MilitaryOrganization><Unit>
              <EntityDescriptor>
                <Side>00000000-0001-0000-0000-000000000000</Side>
                <Superior>00000000-0001-0001-1100-000000000000</Superior>
              </EntityDescriptor>
              <CurrentState>
                <PhysicalState>
                  <EntityHealthStatus>
                    <OperationalStatus>
                      <OperationalStatusCode>FullyOperational</OperationalStatusCode>
                    </OperationalStatus>
                  </EntityHealthStatus>
                  <Location>
                    <GeodeticCoordinate>
                      <Latitude>58.58</Latitude>
                      <Longitude>16.18</Longitude>
                    </GeodeticCoordinate>
                  </Location>
                </PhysicalState>
              </CurrentState>
              <EntityType>
                <APP6-SIDC>
                  <SIDCString>SFGPUCI----EUS-</SIDCString>
                </APP6-SIDC>
              </EntityType>
              <EntityType>
                <DISEntityType>
                  <DISCategory>5</DISCategory>
                  <DISCountry>225</DISCountry>
                  <DISDomain>1</DISDomain>
                  <DISExtra>0</DISExtra>
                  <DISKind>0</DISKind>
                  <DISSpecific>0</DISSpecific>
                  <DISSubCategory>2</DISSubCategory>
                </DISEntityType>
              </EntityType>
              <Name>COY-V04</Name>
              <UUID>00000000-0001-0001-1140-000000000000</UUID>
              <EchelonCode>COY</EchelonCode>
            </Unit></MilitaryOrganization>
          </CollectiveEntity>
        </ActorEntity>
      </Entity>

      <!--COY-V05-->
      <Entity>
        <ActorEntity>
          <CollectiveEntity>
            <MilitaryOrganization><Unit>
              <EntityDescriptor>
                <Side>00000000-0001-0000-0000-000000000000</Side>
                <Superior>00000000-0001-0001-1100-000000000000</Superior>
              </EntityDescriptor>
              <CurrentState>
                <PhysicalState>
                  <EntityHealthStatus>
                    <OperationalStatus>
                      <OperationalStatusCode>FullyOperational</OperationalStatusCode>
                    </OperationalStatus>
                  </EntityHealthStatus>
                  <Location>
                    <GeodeticCoordinate>
                      <Latitude>58.58</Latitude>
                      <Longitude>16.20</Longitude>
                    </GeodeticCoordinate>
                  </Location>
                </PhysicalState>
              </CurrentState>
              <EntityType>
                <APP6-SIDC>
                  <SIDCString>SFGPUCI----EUS-</SIDCString>
                </APP6-SIDC>
              </EntityType>
              <EntityType>
                <DISEntityType>
                  <DISCategory>5</DISCategory>
                  <DISCountry>225</DISCountry>
                  <DISDomain>1</DISDomain>
                  <DISExtra>0</DISExtra>
                  <DISKind>0</DISKind>
                  <DISSpecific>0</DISSpecific>
                  <DISSubCategory>2</DISSubCategory>
                </DISEntityType>
              </EntityType>
              <Name>COY-V05</Name>
              <UUID>00000000-0001-0001-1150-000000000000</UUID>
              <EchelonCode>COY</EchelonCode>
            </Unit></MilitaryOrganization>
          </CollectiveEntity>
        </ActorEntity>
      </Entity>

      <!--COY-V06-->
      <Entity>
        <ActorEntity>
          <CollectiveEntity>
            <MilitaryOrganization><Unit>
              <EntityDescriptor>
                <Side>00000000-0001-0000-0000-000000000000</Side>
                <Superior>00000000-0001-0001-1100-000000000000</Superior>
              </EntityDescriptor>
              <CurrentState>
                <PhysicalState>
                  <EntityHealthStatus>
                    <OperationalStatus>
                      <OperationalStatusCode>FullyOperational</OperationalStatusCode>
                    </OperationalStatus>
                  </EntityHealthStatus>
                  <Location>
                    <GeodeticCoordinate>
                      <Latitude>58.58</Latitude>
                      <Longitude>16.22</Longitude>
                    </GeodeticCoordinate>
                  </Location>
                </PhysicalState>
              </CurrentState>
              <EntityType>
                <APP6-SIDC>
                  <SIDCString>SFGPUCI----EUS-</SIDCString>
                </APP6-SIDC>
              </EntityType>
              <EntityType>
                <DISEntityType>
                  <DISCategory>5</DISCategory>
                  <DISCountry>225</DISCountry>
                  <DISDomain>1</DISDomain>
                  <DISExtra>0</DISExtra>
                  <DISKind>0</DISKind>
                  <DISSpecific>0</DISSpecific>
                  <DISSubCategory>2</DISSubCategory>
                </DISEntityType>
              </EntityType>
              <Name>COY-V06</Name>
              <UUID>00000000-0001-0001-1160-000000000000</UUID>
              <EchelonCode>COY</EchelonCode>
            </Unit></MilitaryOrganization>
          </CollectiveEntity>
        </ActorEntity>
      </Entity>

      <!--QRF (CH-47)-->
      <Entity>
        <ActorEntity>
          <CollectiveEntity>
            <MilitaryOrganization><Unit>
              <EntityDescriptor>
                <Side>00000000-0001-0000-0000-000000000000</Side>
                <Superior>00000000-0001-0001-1400-000000000000</Superior>
              </EntityDescriptor>
              <CurrentState>
                <PhysicalState>
                  <EntityHealthStatus>
                    <OperationalStatus>
                      <OperationalStatusCode>FullyOperational</OperationalStatusCode>
                    </OperationalStatus>
                  </EntityHealthStatus>
                  <Location>
                    <GeodeticCoordinate>
                      <Latitude>58.588727</Latitude>
                      <Longitude>16.249418</Longitude>
                    </GeodeticCoordinate>
                  </Location>
                </PhysicalState>
              </CurrentState>
              <EntityType>
                <APP6-SIDC>
                  <SIDCString>SFAPUCVRUH--US-</SIDCString>
                </APP6-SIDC>
              </EntityType>
              <EntityType>
                <DISEntityType>
                  <DISCategory>23</DISCategory>
                  <DISCountry>225</DISCountry>
                  <DISDomain>2</DISDomain>
                  <DISExtra>0</DISExtra>
                  <DISKind>1</DISKind>
                  <DISSpecific>1</DISSpecific>
                  <DISSubCategory>1</DISSubCategory>
                </DISEntityType>
              </EntityType>
              <Name>QRF</Name>
              <UUID>00000000-0001-0001-1111-000000000000</UUID>
              <EchelonCode>NOS</EchelonCode>
            </Unit></MilitaryOrganization>
          </CollectiveEntity>
        </ActorEntity>
      </Entity>  
      
      <!--Maritime Patrol-->
      <Entity> 
        <ActorEntity>
          <CollectiveEntity>
            <MilitaryOrganization><Unit>
              <EntityDescriptor>
                <Side>00000000-0001-0000-0000-000000000000</Side>
                <Superior>00000000-0001-0001-1011-000000000000</Superior>
              </EntityDescriptor>
              <CurrentState>
                <PhysicalState>
                  <EntityHealthStatus>
                    <OperationalStatus>
                      <OperationalStatusCode>FullyOperational</OperationalStatusCode>
                    </OperationalStatus>
                  </EntityHealthStatus>
                  <Location>
                    <GeodeticCoordinate>
                      <Latitude>58.645</Latitude>
                      <Longitude>16.332</Longitude>
                    </GeodeticCoordinate>
                  </Location>
                </PhysicalState>
              </CurrentState>
              <EntityType>
                <APP6-SIDC>
                  <SIDCString>SFSPCP------US-</SIDCString>
                </APP6-SIDC>
              </EntityType>
              <EntityType>
                <DISEntityType>
                  <DISCategory>62</DISCategory>
                  <DISCountry>225</DISCountry>
                  <DISDomain>3</DISDomain>
                  <DISExtra>0</DISExtra>
                  <DISKind>1</DISKind>
                  <DISSpecific>13</DISSpecific>
                  <DISSubCategory>6</DISSubCategory>
                </DISEntityType>
              </EntityType>
              <Name>BOAT</Name>
              <UUID>00000000-0001-0001-0030-000000000000</UUID>
              <EchelonCode>NOS</EchelonCode>
            </Unit></MilitaryOrganization>
          </CollectiveEntity>
        </ActorEntity>
      </Entity>
      
      <!-- Tactical graphics including Routes -->
      
      <!-- Row34 SP ORANGE-->
      <Entity> 
        <PhysicalEntity>
          <MapGraphic>
            <TacticalGraphic>
              <Point>
                <EntityType>
                  <NamedEntityType>
                    <EntityTypeString>POINT</EntityTypeString>
                  </NamedEntityType>
                </EntityType>
                <Name>SP-ORANGE</Name>
                <UUID>00000000-0001-0001-1000-000000000001</UUID>
                <CurrentState>
                  <PhysicalState>
                    <Location><GeodeticCoordinate>
                      <Latitude>58.637863</Latitude>
                      <Longitude>16.162447</Longitude>
                    </GeodeticCoordinate></Location>
                  </PhysicalState>
                </CurrentState>           
              </Point>
            </TacticalGraphic>
          </MapGraphic>
        </PhysicalEntity>
      </Entity>
      
      <!-- Row 32-39 Route Orange Along Highway E4 North and East (Distance 62.4 KM)-->
      <Entity>
        <PhysicalEntity>
          <MapGraphic>
            <TacticalGraphic>
              <Line>
                <Route>
                  <EntityType>
                    <NamedEntityType>
                      <EntityTypeString>ROUTE</EntityTypeString>
                    </NamedEntityType>
                  </EntityType>
                  <Name>ROUTE-ORANGE</Name>
                  <UUID>00000000-0001-0001-1000-000000000002</UUID>
                  <CurrentState>
                    <PhysicalState>
                      <Location><GeodeticCoordinate>
                        <Latitude>58.637863</Latitude>
                        <Longitude>16.162447</Longitude>
                      </GeodeticCoordinate></Location>
                      <Location><GeodeticCoordinate>
                        <Latitude>58.689722</Latitude>
                        <Longitude>16.334464</Longitude>
                      </GeodeticCoordinate></Location>
                      <Location><GeodeticCoordinate>
                        <Latitude>58.742441</Latitude>
                        <Longitude>16.467883</Longitude>
                      </GeodeticCoordinate></Location>
                      <Location><GeodeticCoordinate>
                        <Latitude>58.75421</Latitude>
                        <Longitude>16.736337</Longitude>
                      </GeodeticCoordinate></Location>
                      <Location><GeodeticCoordinate>
                        <Latitude>58.745235</Latitude>
                        <Longitude>16.939855</Longitude>
                      </GeodeticCoordinate></Location>
                    </PhysicalState>
                  </CurrentState>
                </Route>
              </Line>
            </TacticalGraphic>
          </MapGraphic>
        </PhysicalEntity>
      </Entity>
      
      <!-- Row38 RP ORANGE-->
      <Entity>
        <PhysicalEntity>
          <MapGraphic>
            <TacticalGraphic>
              <Point>
                <EntityType>
                  <NamedEntityType>
                    <EntityTypeString>POINT</EntityTypeString>
                  </NamedEntityType>
                </EntityType>
                <Name>RP-ORANGE</Name>
                <UUID>00000000-0001-0001-1000-000000000003</UUID>
                <CurrentState>
                  <PhysicalState>
                    <Location><GeodeticCoordinate>
                      <Latitude>58.745235</Latitude>
                      <Longitude>16.939855</Longitude>
                    </GeodeticCoordinate></Location>
                  </PhysicalState>
                </CurrentState>           
              </Point>
            </TacticalGraphic>
          </MapGraphic>
        </PhysicalEntity>
      </Entity>
      
      <!-- Row40 SP PEACH-->
      <Entity>
        <PhysicalEntity>
          <MapGraphic>
            <TacticalGraphic>
              <Point>
                <EntityType>
                  <NamedEntityType>
                    <EntityTypeString>POINT</EntityTypeString>
                  </NamedEntityType>
                </EntityType>
                <Name>SP-PEACH</Name>
                <UUID>00000000-0001-0001-1000-000000000004</UUID>
                <CurrentState>
                  <PhysicalState>
                    <Location><GeodeticCoordinate>
                      <Latitude>58.582991</Latitude>
                      <Longitude>16.142852</Longitude>
                    </GeodeticCoordinate></Location>
                  </PhysicalState>
                </CurrentState>           
              </Point>
            </TacticalGraphic>
          </MapGraphic>
        </PhysicalEntity>
      </Entity>
      
      <!-- Row 40-46 Route Peach Along Highway E22 then E4 to the  South and West (Distance 38 KM)-->
      <Entity>
        <PhysicalEntity>
          <MapGraphic>
            <TacticalGraphic>
              <Line>
                <Route>
                  <EntityType>
                    <NamedEntityType>
                      <EntityTypeString>ROUTE</EntityTypeString>
                    </NamedEntityType>
                  </EntityType>
                  <Name>ROUTE-PEACH</Name>
                  <UUID>00000000-0001-0001-1000-000000000005</UUID>
                  <CurrentState>
                    <PhysicalState>
                      <Location><GeodeticCoordinate>
                        <Latitude>58.582991</Latitude>
                        <Longitude>16.142852</Longitude>
                      </GeodeticCoordinate></Location>
                      <Location><GeodeticCoordinate>
                        <Latitude>58.575546</Latitude>
                        <Longitude>16.097337</Longitude>
                      </GeodeticCoordinate></Location>
                      <Location><GeodeticCoordinate>
                        <Latitude>58.551243</Latitude>
                        <Longitude>16.053213</Longitude>
                      </GeodeticCoordinate></Location>
                      <Location><GeodeticCoordinate>
                        <Latitude>58.455422</Latitude>
                        <Longitude>16.775393</Longitude>
                      </GeodeticCoordinate></Location>
                      <Location><GeodeticCoordinate>
                        <Latitude>58.441699</Latitude>
                        <Longitude>16.714145</Longitude>
                      </GeodeticCoordinate></Location>
                      <Location><GeodeticCoordinate>
                        <Latitude>58.434112</Latitude>
                        <Longitude>16.682943</Longitude>
                      </GeodeticCoordinate></Location>
                    </PhysicalState>
                  </CurrentState>
                </Route>
              </Line>
            </TacticalGraphic>
          </MapGraphic>
        </PhysicalEntity>
      </Entity>
      
      <!-- Row45 RP PEACH-->
      <Entity>
        <PhysicalEntity>
          <MapGraphic>
            <TacticalGraphic>
              <Point>
                <EntityType>
                  <NamedEntityType>
                    <EntityTypeString>POINT</EntityTypeString>
                  </NamedEntityType>
                </EntityType>
                <Name>RP-PEACH</Name>
                <UUID>00000000-0001-0001-1000-000000000006</UUID>
                <CurrentState>
                  <PhysicalState>
                    <Location><GeodeticCoordinate>
                      <Latitude>58.673917</Latitude>
                      <Longitude>16.266833</Longitude>
                    </GeodeticCoordinate></Location>
                  </PhysicalState>
                </CurrentState>           
              </Point>
            </TacticalGraphic>
          </MapGraphic>
        </PhysicalEntity>
      </Entity>
      
      <!-- Battlefield Geometry -->
      
      <!-- Row47 FOB Eagle -->
      <Entity>
        <PhysicalEntity>
          <MapGraphic>
            <TacticalGraphic>
              <Point>
                <EntityType>
                  <NamedEntityType>
                    <EntityTypeString>FORWARD-OPERATING-BASE</EntityTypeString>
                  </NamedEntityType>
                </EntityType>
                <Name>FOB-EAGLE</Name>
                <UUID>00000000-0001-0001-1000-000000000007</UUID>
                <CurrentState>
                  <PhysicalState>
                    <Location><GeodeticCoordinate>
                      <Latitude>58.600734</Latitude>
                      <Longitude>16.178198</Longitude>
                    </GeodeticCoordinate></Location>
                  </PhysicalState>
                </CurrentState>       
              </Point>
            </TacticalGraphic>
          </MapGraphic>
        </PhysicalEntity>
      </Entity>
      
      <!-- Row48 FOB HAWK-->
      <Entity>
        <PhysicalEntity>
          <MapGraphic>
            <TacticalGraphic>
              <Point>
                <EntityType>
                  <NamedEntityType>
                    <EntityTypeString>FORWARD-OPERATING-BASE</EntityTypeString>
                  </NamedEntityType>
                </EntityType>
                <Name>FOB-HAWK</Name>
                <UUID>00000000-0001-0001-1000-000000000008</UUID>
                <CurrentState>
                  <PhysicalState>
                    <Location><GeodeticCoordinate>
                      <Latitude>58.43207</Latitude>
                      <Longitude>16.676511</Longitude>
                    </GeodeticCoordinate></Location>
                  </PhysicalState>
                </CurrentState>         
              </Point>
            </TacticalGraphic>
          </MapGraphic>
        </PhysicalEntity>
      </Entity>
      
      <!--!- Row49 FOB FALCON-->
      <Entity>
        <PhysicalEntity>
          <MapGraphic>
            <TacticalGraphic>
              <Point>
                <EntityType>
                  <NamedEntityType>
                    <EntityTypeString>FORWARD-OPERATING-BASE</EntityTypeString>
                  </NamedEntityType>
                </EntityType>
                <Name>FOB-FALCON</Name>
                <UUID>00000000-0001-0001-1000-000000000009</UUID>
                <CurrentState>
                  <PhysicalState>
                    <Location><GeodeticCoordinate>
                      <Latitude>58.734342</Latitude>
                      <Longitude>17.001257</Longitude>
                    </GeodeticCoordinate></Location>
                  </PhysicalState>
                </CurrentState>               
              </Point>
            </TacticalGraphic>
          </MapGraphic>
        </PhysicalEntity>
      </Entity>
      
      <!-- Row50 OP CHICK-->
      <Entity>
        <PhysicalEntity>
          <MapGraphic>
            <TacticalGraphic>
              <Point>
                <EntityType>
                  <NamedEntityType>
                    <EntityTypeString>POINT</EntityTypeString>
                  </NamedEntityType>
                </EntityType>
                <Name>OP-CHICK</Name>
                <UUID>00000000-0001-0001-1000-000000000010</UUID>
                  <CurrentState>
                    <PhysicalState>
                      <Location><GeodeticCoordinate>
                        <Latitude>58.673917</Latitude>
                        <Longitude>16.266833</Longitude>
                      </GeodeticCoordinate></Location>
                    </PhysicalState>
                  </CurrentState>           
              </Point>
            </TacticalGraphic>
          </MapGraphic>
        </PhysicalEntity>
      </Entity>
      
      <!-- Row 51 DP-1 -->
      <Entity>
        <PhysicalEntity>
          <MapGraphic>
            <TacticalGraphic>
              <Point>
                <EntityType>
                  <NamedEntityType>
                    <EntityTypeString>DECISION-POINT</EntityTypeString>
                  </NamedEntityType>
                </EntityType>
                <Name>DP-1</Name>
                <UUID>00000000-0001-0001-1000-000000000011</UUID>
                  <CurrentState>
                    <PhysicalState>
                      <Location><GeodeticCoordinate>
                        <Latitude>58.673917</Latitude>
                        <Longitude>16.266833</Longitude>
                      </GeodeticCoordinate></Location>
                    </PhysicalState>
                  </CurrentState>                
              </Point>
            </TacticalGraphic>
          </MapGraphic>
        </PhysicalEntity>
      </Entity>
      
      <!-- Row 52 NAI-301-->
      <Entity>
        <PhysicalEntity>
          <MapGraphic>
            <TacticalGraphic>
              <TacticalArea>
                  <EntityType>
                    <NamedEntityType>
                      <EntityTypeString>NAMED-AREA-OF-INTEREST</EntityTypeString>
                    </NamedEntityType>
                  </EntityType>
                <Name>AI-301</Name>
                <UUID>00000000-0001-0001-1000-000000000012</UUID>
                  <CurrentState>
                    <PhysicalState>
                      <Location><GeodeticCoordinate>
                        <Latitude>58.68936</Latitude>
                        <Longitude>16.303956</Longitude>
                      </GeodeticCoordinate></Location>
                      <Location><GeodeticCoordinate>
                        <Latitude>58.673464</Latitude>
                        <Longitude>16.309383</Longitude>
                      </GeodeticCoordinate></Location>
                    </PhysicalState>
                  </CurrentState>            
              </TacticalArea>
            </TacticalGraphic>
          </MapGraphic>
        </PhysicalEntity>
      </Entity>
      
     <!-- Scenario Details-->
      <PlanPhaseReference>00000000-0001-0001-1000-000000000013</PlanPhaseReference>
    </ObjectDefinitions>
    <ScenarioSetting>
      <DateTime>
        <IsoDateTime>0000-00-00T00:00:00Z</IsoDateTime>
      </DateTime>
      <Version>1</Version>
    </ScenarioSetting>
    <!-- Assignments of units to simulators -->
    <SystemEntityList>
      <!--Workshop-V01-->
      <ActorReference>00000000-0001-0001-1110-000000000000</ActorReference> <!-- COY-V01 -->
      <SystemName>Workshop-V01</SystemName>
    </SystemEntityList>
    <SystemEntityList>
      <!--Workshop-V02-->
      <ActorReference>00000000-0001-0001-1120-000000000000</ActorReference> <!-- COY-V02 -->
      <SystemName>Workshop-V02</SystemName>
    </SystemEntityList>
    <SystemEntityList>
      <!--Workshop-V03-->
      <ActorReference>00000000-0001-0001-1130-000000000000</ActorReference> <!-- COY-V03 -->
      <SystemName>Workshop-V03</SystemName>
    </SystemEntityList>
    <SystemEntityList>
      <!--Workshop-V04-->
      <ActorReference>00000000-0001-0001-1140-000000000000</ActorReference> <!-- COY-V04 -->   
      <SystemName>Workshop-V04</SystemName>
    </SystemEntityList>
    <SystemEntityList>
      <!--Workshop-V05-->
      <ActorReference>00000000-0001-0001-1150-000000000000</ActorReference> <!-- COY-V05 -->   
      <SystemName>Workshop-V05</SystemName>
    </SystemEntityList>
    <SystemEntityList>
      <!--Workshop-V06-->
      <ActorReference>00000000-0001-0001-1160-000000000000</ActorReference> <!-- COY-V06 -->   
      <SystemName>Workshop-V06</SystemName>
    </SystemEntityList>
    <SystemEntityList>
      <!--OPFOR-->
      <ActorReference>00000000-0002-0007-1001-000000000000</ActorReference> <!-- OPFOR-V1 -->
      <ActorReference>00000000-0002-0007-1002-000000000000</ActorReference> <!-- OPFOR-V2 -->
      <ActorReference>00000000-0002-0007-1003-000000000000</ActorReference> <!-- OPFOR=V3 -->
      <ActorReference>00000000-0002-0007-1004-000000000000</ActorReference> <!-- OPFOR-V4 -->
      <ActorReference>00000000-0002-0007-1005-000000000000</ActorReference> <!-- OPFOR-V5 -->
      <ActorReference>00000000-0002-0007-1006-000000000000</ActorReference> <!-- OPFOR-V6 -->
      <SystemName>OPFOR</SystemName>
    </SystemEntityList>
    <SystemEntityList>
      <!-- NOTUSED -->
      <ActorReference>00000000-0002-0007-1000-000000000000</ActorReference> <!-- REDPARENT -->
      <ActorReference>00000000-0001-0001-1000-000000000000</ActorReference> <!-- BDEHQ -->
      <ActorReference>00000000-0001-0001-1100-000000000000</ActorReference> <!-- BNHQ -->
      <ActorReference>00000000-0001-0001-1111-000000000000</ActorReference> <!-- QRF -->   
      <ActorReference>00000000-0001-0001-0030-000000000000</ActorReference> <!-- BOAt -->   
      <SystemName>NOTUSED-</SystemName>
    </SystemEntityList>  
  </C2SIMInitializationBody>
</MessageBody>